pantone;hex;zdroj
PANTONE COOL GRAY 1 C;D9D9D6;colorxs.com
PANTONE BLACK 2 C;332F21;colorxs.com
PANTONE WARM GRAY 4 C;B6ADA5;colorxs.com
PANTONE BLACK 5 C;3E2B2E;colorxs.com
PANTONE WARM GRAY 5 C;ACA39A;colorxs.com
PANTONE WARM GRAY 6 C;A59C94;colorxs.com
PANTONE BLACK 7 C;3D3935;colorxs.com
PANTONE COOL GRAY 7 C;97999B;colorxs.com
PANTONE COOL GRAY 9 C;75787B;colorxs.com
PANTONE COOL GRAY 11 C;53565A;colorxs.com
PANTONE WARM GRAY 11 C;6E6259;colorxs.com
PANTONE ORANGE 021 C;FE5000;colorxs.com
PANTONE RED 032 C;EF3340;colorxs.com
PANTONE 100 C;F6EB61;colorxs.com
PANTONE 101 C;F7EA48;colorxs.com
PANTONE 102 C;FCE300;colorxs.com
PANTONE 103 C;C5A900;colorxs.com
PANTONE 104 C;AF9800;colorxs.com
PANTONE 105 C;897A27;colorxs.com
PANTONE 106 C;F9E547;colorxs.com
PANTONE 107 C;FBE122;colorxs.com
PANTONE 108 C;FEDB00;colorxs.com
PANTONE 109 C;FFD100;colorxs.com
PANTONE 110 C;DAAA00;colorxs.com
PANTONE 111 C;AA8A00;colorxs.com
PANTONE 112 C;9C8412;colorxs.com
PANTONE 113 C;FAE053;colorxs.com
PANTONE 114 C;FBDD40;colorxs.com
PANTONE 115 C;FDDA24;colorxs.com
PANTONE 116 C;FFCD00;colorxs.com
PANTONE 117 C;C99700;colorxs.com
PANTONE 118 C;AC8400;colorxs.com
PANTONE 119 C;897322;colorxs.com
PANTONE 120 C;FBDB65;colorxs.com
PANTONE 121 C;FDD757;colorxs.com
PANTONE 122 C;FED141;colorxs.com
PANTONE 123 C;FFC72C;colorxs.com
PANTONE 124 C;EAAA00;colorxs.com
PANTONE 125 C;B58500;colorxs.com
PANTONE 126 C;9A7611;colorxs.com
PANTONE 127 C;F3DD6D;colorxs.com
PANTONE 128 C;F3D54E;colorxs.com
PANTONE 129 C;F3D03E;colorxs.com
PANTONE 130 C;F2A900;colorxs.com
PANTONE 131 C;CC8A00;colorxs.com
PANTONE 132 C;A07400;colorxs.com
PANTONE 133 C;6C571B;colorxs.com
PANTONE 134 C;FDD26E;colorxs.com
PANTONE 135 C;FFC658;colorxs.com
PANTONE 136 C;FFBF3F;colorxs.com
PANTONE 137 C;FFA300;colorxs.com
PANTONE 138 C;DE7C00;colorxs.com
PANTONE 139 C;AF6D04;colorxs.com
PANTONE 140 C;74531C;colorxs.com
PANTONE 141 C;F2C75C;colorxs.com
PANTONE 142 C;F1BE48;colorxs.com
PANTONE 143 C;F1B434;colorxs.com
PANTONE 144 C;ED8B00;colorxs.com
PANTONE 145 C;CF7F00;colorxs.com
PANTONE 146 C;A76D11;colorxs.com
PANTONE 147 C;715C2A;colorxs.com
PANTONE 148 C;FECB8B;colorxs.com
PANTONE 149 C;FFC27B;colorxs.com
PANTONE 150 C;FFB25B;colorxs.com
PANTONE 151 C;FF8200;colorxs.com
PANTONE 152 C;E57200;colorxs.com
PANTONE 153 C;BE6A14;colorxs.com
PANTONE 154 C;9B5A1A;colorxs.com
PANTONE 155 C;EFD19F;colorxs.com
PANTONE 156 C;EFBE7D;colorxs.com
PANTONE 157 C;ECA154;colorxs.com
PANTONE 158 C;E87722;colorxs.com
PANTONE 159 C;CB6015;colorxs.com
PANTONE 160 C;A1561C;colorxs.com
PANTONE 161 C;603D20;colorxs.com
PANTONE 162 C;FFBE9F;colorxs.com
PANTONE 163 C;FF9D6E;colorxs.com
PANTONE 164 C;FF7F41;colorxs.com
PANTONE 165 C;FF671F;colorxs.com
PANTONE 166 C;E35205;colorxs.com
PANTONE 167 C;BE531C;colorxs.com
PANTONE 168 C;73381D;colorxs.com
PANTONE 169 C;FFB3AB;colorxs.com
PANTONE 170 C;FF8674;colorxs.com
PANTONE 171 C;FF5C39;colorxs.com
PANTONE 172 C;FA4616;colorxs.com
PANTONE 173 C;CF4520;colorxs.com
PANTONE 174 C;963821;colorxs.com
PANTONE 175 C;6B3529;colorxs.com
PANTONE 176 C;FFB1BB;colorxs.com
PANTONE 177 C;FF808B;colorxs.com
PANTONE 178 C;FF585D;colorxs.com
PANTONE 179 C;E03C31;colorxs.com
PANTONE 180 C;BE3A34;colorxs.com
PANTONE 181 C;81312F;colorxs.com
PANTONE 182 C;FABBCB;colorxs.com
PANTONE 183 C;FC9BB3;colorxs.com
PANTONE 184 C;F65275;colorxs.com
PANTONE 185 C;E4002B;colorxs.com
PANTONE 186 C;C8102E;colorxs.com
PANTONE 187 C;A6192E;colorxs.com
PANTONE 188 C;76232F;colorxs.com
PANTONE 189 C;F8A3BC;colorxs.com
PANTONE 190 C;F67599;colorxs.com
PANTONE 191 C;EF426F;colorxs.com
PANTONE 192 C;E40046;colorxs.com
PANTONE 193 C;BF0D3E;colorxs.com
PANTONE 194 C;9B2743;colorxs.com
PANTONE 195 C;782F40;colorxs.com
PANTONE 196 C;ECC7CD;colorxs.com
PANTONE 197 C;E89CAE;colorxs.com
PANTONE 198 C;DF4661;colorxs.com
PANTONE 199 C;D50032;colorxs.com
PANTONE 200 C;BA0C2F;colorxs.com
PANTONE 201 C;9D2235;colorxs.com
PANTONE 202 C;862633;colorxs.com
PANTONE 203 C;ECB3CB;colorxs.com
PANTONE 204 C;E782A9;colorxs.com
PANTONE 205 C;E0457B;colorxs.com
PANTONE 206 C;CE0037;colorxs.com
PANTONE 207 C;A50034;colorxs.com
PANTONE 208 C;861F41;colorxs.com
PANTONE 209 C;6F263D;colorxs.com
PANTONE 210 C;F99FC9;colorxs.com
PANTONE 211 C;F57EB6;colorxs.com
PANTONE 212 C;F04E98;colorxs.com
PANTONE 213 C;E31C79;colorxs.com
PANTONE 214 C;CE0F69;colorxs.com
PANTONE 215 C;AC145A;colorxs.com
PANTONE 216 C;7D2248;colorxs.com
PANTONE 217 C;EABEDB;colorxs.com
PANTONE 218 C;E56DB1;colorxs.com
PANTONE 219 C;DA1884;colorxs.com
PANTONE 220 C;A50050;colorxs.com
PANTONE 221 C;910048;colorxs.com
PANTONE 222 C;6C1D45;colorxs.com
PANTONE 223 C;EF95CF;colorxs.com
PANTONE 224 C;EB6FBD;colorxs.com
PANTONE 225 C;DF1995;colorxs.com
PANTONE 226 C;D0006F;colorxs.com
PANTONE 227 C;AA0061;colorxs.com
PANTONE 228 C;890C58;colorxs.com
PANTONE 229 C;672146;colorxs.com
PANTONE 230 C;F4A6D7;colorxs.com
PANTONE 231 C;F277C6;colorxs.com
PANTONE 232 C;E93CAC;colorxs.com
PANTONE 233 C;C6007E;colorxs.com
PANTONE 234 C;A20067;colorxs.com
PANTONE 235 C;840B55;colorxs.com
PANTONE 236 C;F1A7DC;colorxs.com
PANTONE 237 C;EC86D0;colorxs.com
PANTONE 238 C;E45DBF;colorxs.com
PANTONE 239 C;DB3EB1;colorxs.com
PANTONE 240 C;C5299B;colorxs.com
PANTONE 241 C;AF1685;colorxs.com
PANTONE 242 C;80225F;colorxs.com
PANTONE 243 C;EAB8E4;colorxs.com
PANTONE 244 C;E59BDC;colorxs.com
PANTONE 245 C;DD7FD3;colorxs.com
PANTONE 246 C;C724B1;colorxs.com
PANTONE 247 C;BB16A3;colorxs.com
PANTONE 248 C;A51890;colorxs.com
PANTONE 249 C;80276C;colorxs.com
PANTONE 250 C;E7BAE4;colorxs.com
PANTONE 251 C;DD9CDF;colorxs.com
PANTONE 252 C;C964CF;colorxs.com
PANTONE 253 C;AD1AAC;colorxs.com
PANTONE 254 C;981D97;colorxs.com
PANTONE 255 C;72246C;colorxs.com
PANTONE 256 C;D6BFDD;colorxs.com
PANTONE 257 C;C6A1CF;colorxs.com
PANTONE 258 C;8C4799;colorxs.com
PANTONE 259 C;6D2077;colorxs.com
PANTONE 260 C;642667;colorxs.com
PANTONE 261 C;5D285F;colorxs.com
PANTONE 262 C;51284F;colorxs.com
PANTONE 263 C;D7C6E6;colorxs.com
PANTONE 264 C;C1A7E2;colorxs.com
PANTONE 265 C;9063CD;colorxs.com
PANTONE 266 C;753BBD;colorxs.com
PANTONE 267 C;5F259F;colorxs.com
PANTONE 269 C;512D6D;colorxs.com
PANTONE 270 C;B4B5DF;colorxs.com
PANTONE 271 C;9595D2;colorxs.com
PANTONE 273 C;24135F;colorxs.com
PANTONE 274 C;211551;colorxs.com
PANTONE 275 C;201747;colorxs.com
PANTONE 276 C;221C35;colorxs.com
PANTONE 277 C;ABCAE9;colorxs.com
PANTONE 278 C;8BB8E8;colorxs.com
PANTONE 279 C;418FDE;colorxs.com
PANTONE 280 C;012169;colorxs.com
PANTONE 281 C;00205B;colorxs.com
PANTONE 282 C;041E42;colorxs.com
PANTONE 283 C;92C1E9;colorxs.com
PANTONE 284 C;6CACE4;colorxs.com
PANTONE 285 C;0072CE;colorxs.com
PANTONE 286 C;0033A0;colorxs.com
PANTONE 287 C;003087;colorxs.com
PANTONE 288 C;002D72;colorxs.com
PANTONE 289 C;0C2340;colorxs.com
PANTONE 290 C;B9D9EB;colorxs.com
PANTONE 292 C;69B3E7;colorxs.com
PANTONE 293 C;003DA5;colorxs.com
PANTONE 295 C;002855;colorxs.com
PANTONE 296 C;041C2C;colorxs.com
PANTONE 297 C;71C5E8;colorxs.com
PANTONE 298 C;41B6E6;colorxs.com
PANTONE 299 C;00A3E0;colorxs.com
PANTONE 300 C;005EB8;colorxs.com
PANTONE 301 C;004B87;colorxs.com
PANTONE 302 C;003B5C;colorxs.com
PANTONE 303 C;002A3A;colorxs.com
PANTONE 304 C;9ADBE8;colorxs.com
PANTONE 305 C;59CBE8;colorxs.com
PANTONE 306 C;00B5E2;colorxs.com
PANTONE 307 C;006BA6;colorxs.com
PANTONE 308 C;00587C;colorxs.com
PANTONE 309 C;003B49;colorxs.com
PANTONE 310 C;6AD1E3;colorxs.com
PANTONE 311 C;05C3DE;colorxs.com
PANTONE 312 C;00A9CE;colorxs.com
PANTONE 314 C;007FA3;colorxs.com
PANTONE 315 C;00677F;colorxs.com
PANTONE 316 C;004851;colorxs.com
PANTONE 317 C;B1E4E3;colorxs.com
PANTONE 318 C;88DBDF;colorxs.com
PANTONE 319 C;2DCCD3;colorxs.com
PANTONE 320 C;009CA6;colorxs.com
PANTONE 321 C;008C95;colorxs.com
PANTONE 322 C;007377;colorxs.com
PANTONE 323 C;005F61;colorxs.com
PANTONE 324 C;9CDBD9;colorxs.com
PANTONE 325 C;64CCC9;colorxs.com
PANTONE 326 C;00B2A9;colorxs.com
PANTONE 327 C;008675;colorxs.com
PANTONE 328 C;007367;colorxs.com
PANTONE 329 C;00685E;colorxs.com
PANTONE 330 C;00534C;colorxs.com
PANTONE 331 C;A7E6D7;colorxs.com
PANTONE 332 C;8CE2D0;colorxs.com
PANTONE 333 C;3CDBC0;colorxs.com
PANTONE 334 C;009775;colorxs.com
PANTONE 335 C;007B5F;colorxs.com
PANTONE 336 C;00664F;colorxs.com
PANTONE 337 C;8FD6BD;colorxs.com
PANTONE 338 C;6ECEB2;colorxs.com
PANTONE 339 C;00B388;colorxs.com
PANTONE 340 C;00965E;colorxs.com
PANTONE 341 C;007A53;colorxs.com
PANTONE 342 C;006747;colorxs.com
PANTONE 343 C;115740;colorxs.com
PANTONE 344 C;A0DAB3;colorxs.com
PANTONE 345 C;91D6AC;colorxs.com
PANTONE 346 C;71CC98;colorxs.com
PANTONE 347 C;009A44;colorxs.com
PANTONE 348 C;00843D;colorxs.com
PANTONE 349 C;046A38;colorxs.com
PANTONE 350 C;2C5234;colorxs.com
PANTONE 351 C;A2E4B8;colorxs.com
PANTONE 352 C;8FE2B0;colorxs.com
PANTONE 353 C;80E0A7;colorxs.com
PANTONE 354 C;00B140;colorxs.com
PANTONE 355 C;009639;colorxs.com
PANTONE 356 C;007A33;colorxs.com
PANTONE 357 C;215732;colorxs.com
PANTONE 358 C;ADDC91;colorxs.com
PANTONE 359 C;A1D884;colorxs.com
PANTONE 361 C;43B02A;colorxs.com
PANTONE 362 C;509E2F;colorxs.com
PANTONE 363 C;4C8C2B;colorxs.com
PANTONE 364 C;4A7729;colorxs.com
PANTONE 365 C;C2E189;colorxs.com
PANTONE 366 C;B7DD79;colorxs.com
PANTONE 367 C;A4D65E;colorxs.com
PANTONE 368 C;78BE20;colorxs.com
PANTONE 369 C;64A70B;colorxs.com
PANTONE 370 C;658D1B;colorxs.com
PANTONE 371 C;546223;colorxs.com
PANTONE 372 C;D4EB8E;colorxs.com
PANTONE 373 C;CDEA80;colorxs.com
PANTONE 375 C;97D700;colorxs.com
PANTONE 377 C;7A9A01;colorxs.com
PANTONE 378 C;59621D;colorxs.com
PANTONE 379 C;E2E868;colorxs.com
PANTONE 380 C;DBE442;colorxs.com
PANTONE 381 C;CEDC00;colorxs.com
PANTONE 382 C;C4D600;colorxs.com
PANTONE 383 C;A8AD00;colorxs.com
PANTONE 384 C;949300;colorxs.com
PANTONE 385 C;787121;colorxs.com
PANTONE 386 C;E9EC6B;colorxs.com
PANTONE 387 C;E3E935;colorxs.com
PANTONE 388 C;E0E721;colorxs.com
PANTONE 389 C;D0DF00;colorxs.com
PANTONE 390 C;B5BD00;colorxs.com
PANTONE 391 C;9A9500;colorxs.com
PANTONE 392 C;827A04;colorxs.com
PANTONE 393 C;F0EC74;colorxs.com
PANTONE 394 C;EDE939;colorxs.com
PANTONE 396 C;E1E000;colorxs.com
PANTONE 397 C;BFB800;colorxs.com
PANTONE 398 C;ADA400;colorxs.com
PANTONE 399 C;A09200;colorxs.com
PANTONE 400 C;C4BFB6;colorxs.com
PANTONE 401 C;AFA9A0;colorxs.com
PANTONE 402 C;9D968D;colorxs.com
PANTONE 403 C;8C857B;colorxs.com
PANTONE 404 C;776E64;colorxs.com
PANTONE 405 C;696158;colorxs.com
PANTONE 406 C;C4BCB7;colorxs.com
PANTONE 407 C;B2A8A2;colorxs.com
PANTONE 408 C;978C87;colorxs.com
PANTONE 409 C;857874;colorxs.com
PANTONE 410 C;746661;colorxs.com
PANTONE 411 C;5E514D;colorxs.com
PANTONE 412 C;382F2D;colorxs.com
PANTONE 413 C;BABBB1;colorxs.com
PANTONE 414 C;A8A99E;colorxs.com
PANTONE 415 C;919388;colorxs.com
PANTONE 417 C;65665C;colorxs.com
PANTONE 418 C;51534A;colorxs.com
PANTONE 419 C;212322;colorxs.com
PANTONE 420 C;C7C9C7;colorxs.com
PANTONE 422 C;9EA2A2;colorxs.com
PANTONE 423 C;898D8D;colorxs.com
PANTONE 424 C;707372;colorxs.com
PANTONE 425 C;54585A;colorxs.com
PANTONE 426 C;25282A;colorxs.com
PANTONE 427 C;D0D3D4;colorxs.com
PANTONE 428 C;C1C6C8;colorxs.com
PANTONE 429 C;A2AAAD;colorxs.com
PANTONE 430 C;7C878E;colorxs.com
PANTONE 431 C;5B6770;colorxs.com
PANTONE 432 C;333F48;colorxs.com
PANTONE 433 C;1D252D;colorxs.com
PANTONE 434 C;D0C4C5;colorxs.com
PANTONE 435 C;C1B2B6;colorxs.com
PANTONE 436 C;AB989D;colorxs.com
PANTONE 437 C;7B6469;colorxs.com
PANTONE 438 C;584446;colorxs.com
PANTONE 439 C;453536;colorxs.com
PANTONE 440 C;382E2C;colorxs.com
PANTONE 441 C;BEC6C4;colorxs.com
PANTONE 442 C;A2ACAB;colorxs.com
PANTONE 443 C;919D9D;colorxs.com
PANTONE 444 C;717C7D;colorxs.com
PANTONE 445 C;505759;colorxs.com
PANTONE 446 C;3F4444;colorxs.com
PANTONE 447 C;373A36;colorxs.com
PANTONE 448 C;4A412A;colorxs.com
PANTONE 449 C;524727;colorxs.com
PANTONE 450 C;594A25;colorxs.com
PANTONE 451 C;9B945F;colorxs.com
PANTONE 452 C;B0AA7E;colorxs.com
PANTONE 453 C;BFBB98;colorxs.com
PANTONE 454 C;CAC7A7;colorxs.com
PANTONE 455 C;695B24;colorxs.com
PANTONE 456 C;A28E2A;colorxs.com
PANTONE 457 C;B89D18;colorxs.com
PANTONE 458 C;D9C756;colorxs.com
PANTONE 459 C;DECD63;colorxs.com
PANTONE 460 C;E4D77E;colorxs.com
PANTONE 461 C;E9DF97;colorxs.com
PANTONE 462 C;5C462B;colorxs.com
PANTONE 463 C;744F28;colorxs.com
PANTONE 464 C;8B5B29;colorxs.com
PANTONE 465 C;B9975B;colorxs.com
PANTONE 466 C;C6AA76;colorxs.com
PANTONE 467 C;D3BC8D;colorxs.com
PANTONE 468 C;DDCBA4;colorxs.com
PANTONE 469 C;693F23;colorxs.com
PANTONE 470 C;A45A2A;colorxs.com
PANTONE 472 C;E59E6D;colorxs.com
PANTONE 473 C;F0BF9B;colorxs.com
PANTONE 474 C;F1C6A7;colorxs.com
PANTONE 475 C;F3CFB3;colorxs.com
PANTONE 476 C;4E3629;colorxs.com
PANTONE 476C;4E3629;colorxs.com
PANTONE 477 C;623B2A;colorxs.com
PANTONE 477C;623B2A;colorxs.com
PANTONE 478 C;703F2A;colorxs.com
PANTONE 478C;703F2A;colorxs.com
PANTONE 479 C;AA8066;colorxs.com
PANTONE 479C;AA8066;colorxs.com
PANTONE 480 C;C6A992;colorxs.com
PANTONE 481 C;D3BBA8;colorxs.com
PANTONE 481C;D3BBA8;colorxs.com
PANTONE 482 C;DBC8B6;colorxs.com
PANTONE 485 C;DA291C;colorxs.com
PANTONE 486 C;E8927C;colorxs.com
PANTONE 487 C;EAA794;colorxs.com
PANTONE 488 C;ECBAA8;colorxs.com
PANTONE 489 C;ECC3B2;colorxs.com
PANTONE 490 C;5D2A2C;colorxs.com
PANTONE 491 C;7F3035;colorxs.com
PANTONE 492 C;8F3237;colorxs.com
PANTONE 493 C;DC8699;colorxs.com
PANTONE 494 C;E9A2B2;colorxs.com
PANTONE 495 C;F1BDC8;colorxs.com
PANTONE 496 C;F2C6CF;colorxs.com
PANTONE 497 C;512F2E;colorxs.com
PANTONE 498 C;6A3735;colorxs.com
PANTONE 499 C;7A3E3A;colorxs.com
PANTONE 500 C;C6858F;colorxs.com
PANTONE 501 C;DAA5AD;colorxs.com
PANTONE 502 C;E5BAC1;colorxs.com
PANTONE 503 C;E9C4C7;colorxs.com
PANTONE 504 C;572932;colorxs.com
PANTONE 505 C;6F2C3F;colorxs.com
PANTONE 506 C;84344E;colorxs.com
PANTONE 507 C;D592AA;colorxs.com
PANTONE 508 C;E4A9BB;colorxs.com
PANTONE 509 C;E8B3C3;colorxs.com
PANTONE 510 C;EBBECB;colorxs.com
PANTONE 511 C;612C51;colorxs.com
PANTONE 512 C;833177;colorxs.com
PANTONE 513 C;93328E;colorxs.com
PANTONE 514 C;D48BC8;colorxs.com
PANTONE 515 C;E2ACD7;colorxs.com
PANTONE 517 C;EBC6DF;colorxs.com
PANTONE 518 C;4B3048;colorxs.com
PANTONE 519 C;59315F;colorxs.com
PANTONE 520 C;642F6C;colorxs.com
PANTONE 521 C;A57FB2;colorxs.com
PANTONE 522 C;BA9CC5;colorxs.com
PANTONE 523 C;C9B1D0;colorxs.com
PANTONE 524 C;D5C2D8;colorxs.com
PANTONE 525 C;572C5F;colorxs.com
PANTONE 526 C;702F8A;colorxs.com
PANTONE 527 C;8031A7;colorxs.com
PANTONE 528 C;B580D1;colorxs.com
PANTONE 529 C;CAA2DD;colorxs.com
PANTONE 530 C;D7B9E4;colorxs.com
PANTONE 531 C;DFC8E7;colorxs.com
PANTONE 532 C;1C1F2A;colorxs.com
PANTONE 533 C;1F2A44;colorxs.com
PANTONE 534 C;1B365D;colorxs.com
PANTONE 535 C;8E9FBC;colorxs.com
PANTONE 536 C;A2B2C8;colorxs.com
PANTONE 537 C;BBC7D6;colorxs.com
PANTONE 538 C;C5CFDA;colorxs.com
PANTONE 539 C;00263A;colorxs.com
PANTONE 540 C;003057;colorxs.com
PANTONE 541 C;003C71;colorxs.com
PANTONE 542 C;7BAFD4;colorxs.com
PANTONE 543 C;A4C8E1;colorxs.com
PANTONE 544 C;BDD6E6;colorxs.com
PANTONE 545 C;C6DAE7;colorxs.com
PANTONE 546 C;072B31;colorxs.com
PANTONE 547 C;00313C;colorxs.com
PANTONE 548 C;003D4C;colorxs.com
PANTONE 549 C;6BA4B8;colorxs.com
PANTONE 550 C;8DB9CA;colorxs.com
PANTONE 551 C;A3C7D2;colorxs.com
PANTONE 552 C;B9D3DC;colorxs.com
PANTONE 553 C;284734;colorxs.com
PANTONE 554 C;205C40;colorxs.com
PANTONE 555 C;28724F;colorxs.com
PANTONE 556 C;6FA287;colorxs.com
PANTONE 557 C;85B09A;colorxs.com
PANTONE 558 C;9ABEAA;colorxs.com
PANTONE 559 C;ADCAB8;colorxs.com
PANTONE 560 C;1D3C34;colorxs.com
PANTONE 561 C;00594C;colorxs.com
PANTONE 562 C;006F62;colorxs.com
PANTONE 563 C;6BBBAE;colorxs.com
PANTONE 564 C;86C8BC;colorxs.com
PANTONE 565 C;A1D6CA;colorxs.com
PANTONE 566 C;B9DCD2;colorxs.com
PANTONE 567 C;173F35;colorxs.com
PANTONE 568 C;006C5B;colorxs.com
PANTONE 569 C;00816D;colorxs.com
PANTONE 570 C;6BCABA;colorxs.com
PANTONE 571 C;98DBCE;colorxs.com
PANTONE 573 C;B5E3D8;colorxs.com
PANTONE 574 C;4E5B31;colorxs.com
PANTONE 575 C;67823A;colorxs.com
PANTONE 576 C;789D4A;colorxs.com
PANTONE 577 C;A9C47F;colorxs.com
PANTONE 578 C;B7CE95;colorxs.com
PANTONE 579 C;BCD19B;colorxs.com
PANTONE 580 C;C4D6A4;colorxs.com
PANTONE 581 C;625D20;colorxs.com
PANTONE 582 C;8E8C13;colorxs.com
PANTONE 583 C;B7BF10;colorxs.com
PANTONE 584 C;D2D755;colorxs.com
PANTONE 585 C;DBDE70;colorxs.com
PANTONE 586 C;E0E27C;colorxs.com
PANTONE 587 C;E3E48D;colorxs.com
PANTONE 600 C;F1EB9C;colorxs.com
PANTONE 603 C;EDE04B;colorxs.com
PANTONE 631 C;3EB1C8;colorxs.com
PANTONE 637 C;4EC3E0;colorxs.com
PANTONE 639 C;0095C8;colorxs.com
PANTONE 644 C;9BB8D3;colorxs.com
PANTONE 656 C;DDE5ED;colorxs.com
PANTONE 660 C;407EC9;colorxs.com
PANTONE 668 C;614B79;colorxs.com
PANTONE 692 C;E4BEC3;colorxs.com
PANTONE 699 C;F4C3CC;colorxs.com
PANTONE 708 C;F890A5;colorxs.com
PANTONE 714 C;FDAA63;colorxs.com
PANTONE 715 C;F68D2E;colorxs.com
PANTONE 725 C;7D3F16;colorxs.com
PANTONE 1205 C;F8E08E;colorxs.com
PANTONE 1215 C;FBD872;colorxs.com
PANTONE 1225 C;FFC845;colorxs.com
PANTONE 1235 C;FFB81C;colorxs.com
PANTONE 1245 C;C69214;colorxs.com
PANTONE 1255 C;AD841F;colorxs.com
PANTONE 1265 C;886B25;colorxs.com
PANTONE 1345 C;FDD086;colorxs.com
PANTONE 1355 C;FFC56E;colorxs.com
PANTONE 1365 C;FFB549;colorxs.com
PANTONE 1375 C;FF9E1B;colorxs.com
PANTONE 1385 C;D57800;colorxs.com
PANTONE 1395 C;996017;colorxs.com
PANTONE 1405 C;6E4C1E;colorxs.com
PANTONE 1485 C;FFAE62;colorxs.com
PANTONE 1495 C;FF8F1C;colorxs.com
PANTONE 1505 C;FF6900;colorxs.com
PANTONE 1525 C;B94700;colorxs.com
PANTONE 1535 C;94450B;colorxs.com
PANTONE 1545 C;653819;colorxs.com
PANTONE 1555 C;FFB990;colorxs.com
PANTONE 1565 C;FFA06A;colorxs.com
PANTONE 1575 C;FF7F32;colorxs.com
PANTONE 1585 C;FF6A13;colorxs.com
PANTONE 1595 C;D86018;colorxs.com
PANTONE 1605 C;A65523;colorxs.com
PANTONE 1615 C;8B4720;colorxs.com
PANTONE 1625 C;FFA38B;colorxs.com
PANTONE 1635 C;FF8D6D;colorxs.com
PANTONE 1645 C;FF6A39;colorxs.com
PANTONE 1655 C;FC4C02;colorxs.com
PANTONE 1665 C;DC4405;colorxs.com
PANTONE 1675 C;A9431E;colorxs.com
PANTONE 1685 C;833921;colorxs.com
PANTONE 1765 C;FFA3B5;colorxs.com
PANTONE 1767 C;FCAFC0;colorxs.com
PANTONE 1775 C;FF8DA1;colorxs.com
PANTONE 1777 C;FB637E;colorxs.com
PANTONE 1785 C;F8485E;colorxs.com
PANTONE 1787 C;F4364C;colorxs.com
PANTONE 1788 C;EE2737;colorxs.com
PANTONE 1795 C;D22630;colorxs.com
PANTONE 1797 C;CB333B;colorxs.com
PANTONE 1805 C;AF272F;colorxs.com
PANTONE 1807 C;A4343A;colorxs.com
PANTONE 1815 C;7C2529;colorxs.com
PANTONE 1817 C;643335;colorxs.com
PANTONE 1895 C;F5B6CD;colorxs.com
PANTONE 1905 C;F59BBB;colorxs.com
PANTONE 1915 C;EF4A81;colorxs.com
PANTONE 1925 C;E0004D;colorxs.com
PANTONE 1935 C;C5003E;colorxs.com
PANTONE 1945 C;A6093D;colorxs.com
PANTONE 1955 C;8A1538;colorxs.com
PANTONE 2010 C;FFAD00;colorxs.com
PANTONE 2011 C;ED9B33;colorxs.com
PANTONE 2024 C;F87C56;colorxs.com
PANTONE 2027 C;EE5340;colorxs.com
PANTONE 2028 C;EB3300;colorxs.com
PANTONE 2029 C;F2827F;colorxs.com
PANTONE 2031 C;D66965;colorxs.com
PANTONE 2034 C;E73C3E;colorxs.com
PANTONE 2035 C;D6001C;colorxs.com
PANTONE 2038 C;EF60A3;colorxs.com
PANTONE 2040 C;DB0A5B;colorxs.com
PANTONE 2053 C;B3809D;colorxs.com
PANTONE 2056 C;7E4966;colorxs.com
PANTONE 2080 C;9873AC;colorxs.com
PANTONE 2095 C;7965B2;colorxs.com
PANTONE 2097 C;6244BB;colorxs.com
PANTONE 2133 C;1C57A5;colorxs.com
PANTONE 2140 C;3A5382;colorxs.com
PANTONE 2144 C;0067B9;colorxs.com
PANTONE 2145 C;004EA8;colorxs.com
PANTONE 2146 C;00358E;colorxs.com
PANTONE 2152 C;1A658F;colorxs.com
PANTONE 2160 C;3E6991;colorxs.com
PANTONE 2161 C;285780;colorxs.com
PANTONE 2168 C;254A5D;colorxs.com
PANTONE 2170 C;5F9BC6;colorxs.com
PANTONE 2171 C;489FDF;colorxs.com
PANTONE 2172 C;147BD1;colorxs.com
PANTONE 2177 C;7FA0AC;colorxs.com
PANTONE 2190 C;56B7E6;colorxs.com
PANTONE 2192 C;0091DA;colorxs.com
PANTONE 2193 C;0090DA;colorxs.com
PANTONE 2194 C;0086D6;colorxs.com
PANTONE 2195 C;0076CF;colorxs.com
PANTONE 2196 C;0069B1;colorxs.com
PANTONE 2202 C;00A5DF;colorxs.com
PANTONE 2214 C;2F6F7A;colorxs.com
PANTONE 2216 C;2E4D58;colorxs.com
PANTONE 2221 C;2D8C9E;colorxs.com
PANTONE 2225 C;78D5E1;colorxs.com
PANTONE 2253 C;BDE9C9;colorxs.com
PANTONE 2263 C;74956C;colorxs.com
PANTONE 2264 C;6B9560;colorxs.com
PANTONE 2269 C;7CCC6C;colorxs.com
PANTONE 2270 C;2DC84D;colorxs.com
PANTONE 2271 C;00BB31;colorxs.com
PANTONE 2286 C;7ACC00;colorxs.com
PANTONE 2287 C;5BC500;colorxs.com
PANTONE 2297 C;C0DF16;colorxs.com
PANTONE 2298 C;B7DB57;colorxs.com
PANTONE 2300 C;A9C23F;colorxs.com
PANTONE 2301 C;8FAD15;colorxs.com
PANTONE 2303 C;9EB356;colorxs.com
PANTONE 2305 C;9EA700;colorxs.com
PANTONE 2309 C;E7CEB5;colorxs.com
PANTONE 2318 C;A47449;colorxs.com
PANTONE 2320 C;714623;colorxs.com
PANTONE 2331 C;AEA8A5;colorxs.com
PANTONE 2345 C;FF6D6A;colorxs.com
PANTONE 2347 C;E10600;colorxs.com
PANTONE 2348 C;E5554F;colorxs.com
PANTONE 2359 C;7F7384;colorxs.com
PANTONE 2365 C;EFBAE1;colorxs.com
PANTONE 2368 C;4D49BE;colorxs.com
PANTONE 2375 C;E277CD;colorxs.com
PANTONE 2380 C;28334A;colorxs.com
PANTONE 2382 C;008AD8;colorxs.com
PANTONE 2384 C;0061A0;colorxs.com
PANTONE 2385 C;D539B5;colorxs.com
PANTONE 2386 C;2D68C4;colorxs.com
PANTONE 2387 C;0762C8;colorxs.com
PANTONE 2388 C;0050B5;colorxs.com
PANTONE 2389 C;4C9FC8;colorxs.com
PANTONE 2391 C;0081A6;colorxs.com
PANTONE 2394 C;008BCE;colorxs.com
PANTONE 2395 C;C800A1;colorxs.com
PANTONE 2405 C;B0008E;colorxs.com
PANTONE 2415 C;9E007E;colorxs.com
PANTONE 2417 C;249E6B;colorxs.com
PANTONE 2420 C;00C65E;colorxs.com
PANTONE 2423 C;00AA13;colorxs.com
PANTONE 2425 C;830065;colorxs.com
PANTONE 2427 C;035F1D;colorxs.com
PANTONE 2429 C;C25E1C;colorxs.com
PANTONE 2562 C;D7A9E3;colorxs.com
PANTONE 2563 C;CBA3D8;colorxs.com
PANTONE 2567 C;C1A0DA;colorxs.com
PANTONE 2572 C;C98BDB;colorxs.com
PANTONE 2573 C;B884CB;colorxs.com
PANTONE 2577 C;A77BCA;colorxs.com
PANTONE 2582 C;AC4FC6;colorxs.com
PANTONE 2583 C;A05EB5;colorxs.com
PANTONE 2587 C;8246AF;colorxs.com
PANTONE 2592 C;9B26B6;colorxs.com
PANTONE 2593 C;84329B;colorxs.com
PANTONE 2597 C;5C068C;colorxs.com
PANTONE 2602 C;87189D;colorxs.com
PANTONE 2603 C;702082;colorxs.com
PANTONE 2607 C;500778;colorxs.com
PANTONE 2612 C;772583;colorxs.com
PANTONE 2613 C;671E75;colorxs.com
PANTONE 2617 C;470A68;colorxs.com
PANTONE 2622 C;653165;colorxs.com
PANTONE 2623 C;5F2167;colorxs.com
PANTONE 2627 C;3C1053;colorxs.com
PANTONE 2635 C;C5B4E3;colorxs.com
PANTONE 2645 C;AD96DC;colorxs.com
PANTONE 2655 C;9678D3;colorxs.com
PANTONE 2665 C;7D55C7;colorxs.com
PANTONE 2695 C;2E1A47;colorxs.com
PANTONE 2705 C;A7A4E0;colorxs.com
PANTONE 2706 C;CBD3EB;colorxs.com
PANTONE 2707 C;C3D7EE;colorxs.com
PANTONE 2708 C;B8CCEA;colorxs.com
PANTONE 2715 C;8B84D7;colorxs.com
PANTONE 2716 C;9FAEE5;colorxs.com
PANTONE 2717 C;A7C6ED;colorxs.com
PANTONE 2718 C;5C88DA;colorxs.com
PANTONE 2725 C;685BC7;colorxs.com
PANTONE 2726 C;485CC7;colorxs.com
PANTONE 2727 C;307FE2;colorxs.com
PANTONE 2728 C;0047BB;colorxs.com
PANTONE 2735 C;2E008B;colorxs.com
PANTONE 2736 C;1E22AA;colorxs.com
PANTONE 2738 C;06038D;colorxs.com
PANTONE 2745 C;280071;colorxs.com
PANTONE 2746 C;171C8F;colorxs.com
PANTONE 2747 C;001A72;colorxs.com
PANTONE 2748 C;001871;colorxs.com
PANTONE 2755 C;250E62;colorxs.com
PANTONE 2756 C;151F6D;colorxs.com
PANTONE 2757 C;001E60;colorxs.com
PANTONE 2758 C;001E62;colorxs.com
PANTONE 2765 C;201547;colorxs.com
PANTONE 2766 C;141B4D;colorxs.com
PANTONE 2767 C;13294B;colorxs.com
PANTONE 2768 C;071D49;colorxs.com
PANTONE 2905 C;8DC8E8;colorxs.com
PANTONE 2915 C;62B5E5;colorxs.com
PANTONE 2925 C;009CDE;colorxs.com
PANTONE 2935 C;0057B8;colorxs.com
PANTONE 2945 C;004C97;colorxs.com
PANTONE 2955 C;003865;colorxs.com
PANTONE 2965 C;00263E;colorxs.com
PANTONE 2975 C;99D6EA;colorxs.com
PANTONE 2985 C;5BC2E7;colorxs.com
PANTONE 2995 C;00A9E0;colorxs.com
PANTONE 3005 C;0077C8;colorxs.com
PANTONE 3015 C;00629B;colorxs.com
PANTONE 3025 C;004F71;colorxs.com
PANTONE 3035 C;003E51;colorxs.com
PANTONE 3105 C;68D2DF;colorxs.com
PANTONE 3115 C;00C1D5;colorxs.com
PANTONE 3125 C;00AEC7;colorxs.com
PANTONE 3135 C;008EAA;colorxs.com
PANTONE 3145 C;00778B;colorxs.com
PANTONE 3155 C;006272;colorxs.com
PANTONE 3165 C;004F59;colorxs.com
PANTONE 3242 C;71DBD4;colorxs.com
PANTONE 3245 C;7CE0D3;colorxs.com
PANTONE 3248 C;6DCDB8;colorxs.com
PANTONE 3252 C;2AD2C9;colorxs.com
PANTONE 3255 C;2CD5C4;colorxs.com
PANTONE 3258 C;49C5B1;colorxs.com
PANTONE 3262 C;00BFB3;colorxs.com
PANTONE 3265 C;00C7B1;colorxs.com
PANTONE 3268 C;00AB8E;colorxs.com
PANTONE 3272 C;00A499;colorxs.com
PANTONE 3275 C;00B398;colorxs.com
PANTONE 3278 C;009B77;colorxs.com
PANTONE 3282 C;008578;colorxs.com
PANTONE 3285 C;009681;colorxs.com
PANTONE 3288 C;008264;colorxs.com
PANTONE 3298 C;006A52;colorxs.com
PANTONE 3302 C;004C45;colorxs.com
PANTONE 3305 C;004E42;colorxs.com
PANTONE 3308 C;034638;colorxs.com
PANTONE 3375 C;7AE1BF;colorxs.com
PANTONE 3385 C;47D7AC;colorxs.com
PANTONE 3395 C;00C389;colorxs.com
PANTONE 3415 C;007749;colorxs.com
PANTONE 3425 C;006341;colorxs.com
PANTONE 3435 C;154734;colorxs.com
PANTONE 3517 C;BA0020;colorxs.com
PANTONE 3522 C;008330;colorxs.com
PANTONE 3535 C;370178;colorxs.com
PANTONE 3546 C;C00D1E;colorxs.com
PANTONE 3577 C;85B3D1;colorxs.com
PANTONE 3935 C;F3EA5D;colorxs.com
PANTONE 3945 C;F3E500;colorxs.com
PANTONE 3955 C;EFDF00;colorxs.com
PANTONE 3965 C;EEDC00;colorxs.com
PANTONE 3975 C;BBA600;colorxs.com
PANTONE 3985 C;9A8700;colorxs.com
PANTONE 3995 C;685C20;colorxs.com
PANTONE 4053 C;CF7C6A;colorxs.com
PANTONE 4077 C;834654;colorxs.com
PANTONE 4485 C;614F25;colorxs.com
PANTONE 4495 C;8C7732;colorxs.com
PANTONE 4505 C;998542;colorxs.com
PANTONE 4515 C;B3A369;colorxs.com
PANTONE 4525 C;C5B783;colorxs.com
PANTONE 4535 C;CFC493;colorxs.com
PANTONE 4545 C;D5CB9F;colorxs.com
PANTONE 4625 C;4F2C1D;colorxs.com
PANTONE 4635 C;946037;colorxs.com
PANTONE 4645 C;AD7C59;colorxs.com
PANTONE 4665 C;CDA788;colorxs.com
PANTONE 4675 C;DCBFA6;colorxs.com
PANTONE 4685 C;E0C6AD;colorxs.com
PANTONE 4695C;5B3427;colorxs.com
PANTONE 4705 C;7C4D3A;colorxs.com
PANTONE 4705C;7C4D3A;colorxs.com
PANTONE 4715 C;956C58;colorxs.com
PANTONE 4715C;956C58;colorxs.com
PANTONE 4725 C;AE8A79;colorxs.com
PANTONE 4725C;AE8A79;colorxs.com
PANTONE 4735 C;C0A392;colorxs.com
PANTONE 4735C;C0A392;colorxs.com
PANTONE 4745 C;CDB5A7;colorxs.com
PANTONE 4745C;CDB5A7;colorxs.com
PANTONE 4755 C;D7C4B7;colorxs.com
PANTONE 4975 C;3F2021;colorxs.com
PANTONE 4985 C;874B52;colorxs.com
PANTONE 4995 C;9C6169;colorxs.com
PANTONE 5005 C;B07C83;colorxs.com
PANTONE 5015 C;CCA1A6;colorxs.com
PANTONE 5025 C;DBB7BB;colorxs.com
PANTONE 5035 C;DFC2C3;colorxs.com
PANTONE 5125 C;693C5E;colorxs.com
PANTONE 5135 C;7E5475;colorxs.com
PANTONE 5145 C;9B7793;colorxs.com
PANTONE 5155 C;BFA5B8;colorxs.com
PANTONE 5165 C;D3C0CD;colorxs.com
PANTONE 5175 C;D8C8D1;colorxs.com
PANTONE 5185 C;4A3041;colorxs.com
PANTONE 5195 C;66435A;colorxs.com
PANTONE 5205 C;86647A;colorxs.com
PANTONE 5215 C;AF95A6;colorxs.com
PANTONE 5225 C;C6B0BC;colorxs.com
PANTONE 5235 C;D0BEC7;colorxs.com
PANTONE 5245 C;DBCDD3;colorxs.com
PANTONE 5255 C;1E1A34;colorxs.com
PANTONE 5265 C;403A60;colorxs.com
PANTONE 5275 C;595478;colorxs.com
PANTONE 5285 C;8D89A5;colorxs.com
PANTONE 5295 C;B3B0C4;colorxs.com
PANTONE 5305 C;C6C4D2;colorxs.com
PANTONE 5395 C;081F2C;colorxs.com
PANTONE 5405 C;4F758B;colorxs.com
PANTONE 5425 C;7A99AC;colorxs.com
PANTONE 5435 C;A6BBC8;colorxs.com
PANTONE 5445 C;B7C9D3;colorxs.com
PANTONE 5455 C;BFCED6;colorxs.com
PANTONE 5463 C;07272D;colorxs.com
PANTONE 5473 C;115E67;colorxs.com
PANTONE 5477 C;3E5D58;colorxs.com
PANTONE 5483 C;4F868E;colorxs.com
PANTONE 5487 C;5D7975;colorxs.com
PANTONE 5493 C;7FA9AE;colorxs.com
PANTONE 5497 C;829995;colorxs.com
PANTONE 5503 C;94B7BB;colorxs.com
PANTONE 5507 C;9DB0AC;colorxs.com
PANTONE 5513 C;ABC7CA;colorxs.com
PANTONE 5517 C;B1C0BC;colorxs.com
PANTONE 5523 C;B6CFD0;colorxs.com
PANTONE 5527 C;BCC9C5;colorxs.com
PANTONE 5535 C;183028;colorxs.com
PANTONE 5545 C;43695B;colorxs.com
PANTONE 5555 C;5C7F71;colorxs.com
PANTONE 5565 C;7F9C90;colorxs.com
PANTONE 5575 C;92ACA0;colorxs.com
PANTONE 5585 C;A7BDB1;colorxs.com
PANTONE 5595 C;BFCEC2;colorxs.com
PANTONE 5605 C;22372B;colorxs.com
PANTONE 5615 C;5E7461;colorxs.com
PANTONE 5625 C;708573;colorxs.com
PANTONE 5635 C;94A596;colorxs.com
PANTONE 5645 C;A3B2A4;colorxs.com
PANTONE 5655 C;B0BDB0;colorxs.com
PANTONE 5665 C;BAC5B9;colorxs.com
PANTONE 5743 C;3E4827;colorxs.com
PANTONE 5747 C;3D441E;colorxs.com
PANTONE 5753 C;5E6738;colorxs.com
PANTONE 5757 C;6D712E;colorxs.com
PANTONE 5763 C;737B4C;colorxs.com
PANTONE 5767 C;8A8D4A;colorxs.com
PANTONE 5773 C;899064;colorxs.com
PANTONE 5777 C;A2A569;colorxs.com
PANTONE 5783 C;A3AA83;colorxs.com
PANTONE 5787 C;BABD8B;colorxs.com
PANTONE 5793 C;B3B995;colorxs.com
PANTONE 5803 C;C3C6A8;colorxs.com
PANTONE 5807 C;D0D1AB;colorxs.com
PANTONE 5815 C;555025;colorxs.com
PANTONE 5825 C;89813D;colorxs.com
PANTONE 5835 C;A09958;colorxs.com
PANTONE 5845 C;AFA96E;colorxs.com
PANTONE 5855 C;C0BB87;colorxs.com
PANTONE 5875 C;D2CE9E;colorxs.com
PANTONE 7401 C;F5E1A4;colorxs.com
PANTONE 7418 C;CD545B;colorxs.com
PANTONE 7441 C;9F5CC0;colorxs.com
PANTONE 7449 C;41273B;colorxs.com
PANTONE 7459 C;4298B5;colorxs.com
PANTONE 7461 C;007DBA;colorxs.com
PANTONE 7464 C;A0D1CA;colorxs.com
PANTONE 7465 C;40C1AC;colorxs.com
PANTONE 7490 C;719949;colorxs.com
PANTONE 7499 C;F1E6B2;colorxs.com
PANTONE 7506 C;EFDBB2;colorxs.com
PANTONE 7526 C;8A391B;colorxs.com
PANTONE 7539 C;8E9089;colorxs.com
PANTONE 7545 C;425563;colorxs.com
PANTONE 7553 C;5A4522;colorxs.com
PANTONE 10388 C;8C9093;colorxs.com
PANTONE PROCESS BLUE C;0085CA;colorxs.com
PANTONE WARM RED C;F9423A;colorxs.com
PANTONE YELLOW C;FEDD00;colorxs.com
